"id","title"
1,"Creative Artists Agency"
2,"Creative Artists Agency UK"
3,"Universal Attractions Agency"
4,"Celebrity Talent Agency"
5,"American Talent Agency"
6,"The Windish Agency"
7,"Belmont Bookings"
8,"Total Access Talent"
9,"The Agency Group"
10,"The Agency Group Canada"
11,"WME"
12,"APA"
13,"Artist Group International"
14,"Primary Talent International"
15,"Paradigm"
16,"Solo Agency"
17,"Dale Morris &amp; Associates"
18,"Jeff Roberts &amp; Associates"
19,"Moodswing"
20,"Strange Music / MR Productions"
21,"CODA"
22,"Echo Location Talent Agency"
23,"ICM Partners"
24,"25 Artist Agency"
25,"The Feldman Agency"
26,"X-ray Touring"
27,"High Road Touring"
28,"Free Trade Agency"
29,"New Frontier Touring"
30,"Associated Booking Corp."
31,"A&amp;M Entertainment"
32,"Pyramid Entertainment Group"
33,"United Talent Agency"
34,"Pinnacle Entertainment"
35,"The Pantheon Agency"
36,"E.G.O. - Eccentric Gent Organisation"
37,"International Talent Booking"
38,"Entertainment Artists Nashville"
39,"Wenig-LaMonica Associates"
40,"Circle Talent Agency"
41,"AM Only"
42,"MN2S"
43,"Elite Talent Agency"
44,"Fleming Artists"
45,"The Agency Coalition"
46,"Artery Global"
47,"Spin Artist Agency"
48,"Chaz Hayes Management"
49,"Mongrel Music"
50,"The Leighton-Pope Organisation"
51,"Artists International Mgmt."
52,"Flowerbooking"
53,"Opus 3 Artists"
54,"The Bobby Roberts Company"
55,"The Billions Corporation"
56,"Buddy Lee Attractions"
57,"Strong Arm Management"
58,"Neuland Concerts"
59,"TKO"
60,"Artist Voice"
61,"Resolution"
62,"13 Artists"
63,"Village Sounds"
64,"Four Artists Booking"
65,"K2 Agency"
66,"BD Management"
67,"Monterey International"
68,"Ground Control Touring"
69,"ARM Entertainment"
70,"The La' Entertainment Booking Agency"
71,"Thrill Talent"
72,"Groove Entertainment Inc."
73,"Green Light Talent Agency"
74,"Billions Australia"
75,"Red Entertainment Agency"
76,"Ujaama Talent Agency"
77,"Elyse Group 7"
78,"Stage Coach Unlimited"
79,"AMG"
80,"Music World Booking &amp; Branding"
81,"The Blueprint Group"
82,"313 Media"
83,"Crossingmoods Productions"
84,"All Moods Productions"
85,"Skam Artist"
86,"NUE Agency"
87,"AMI"
88,"Ready or Not Management"
89,"United Stage Artist"
90,"Angelo Medina Group"
91,"International Music Concepts Agency"
92,"Maria Matias Music"
93,"First Contact Agency"
94,"Degy Booking International"
95,"Contra Promotion"
96,"No Agencies Found"
97,"The Harbour Agency"
98,"Love Police Touring Pty."
99,"3Thirteen Entertainment Group"